Rs,Rj,Ra,Sj,Sa,Sb,Cj,Ca,Cb,Fc
1.0388290143744463,0.6746488020631011,-0.6861667971801352,0.1943690878789913,-0.7541604411817953,0.22880103447925593,1.0268455171525417,1.2636694651380547,0.755231948784937,-1.1246732759417102
1.4729331480769177,1.1940689892521816,-0.1658257890240116,-0.22017055090316895,-1.0702111209706024,0.29066607415646384,0.3911954183843151,0.23284208874758805,0.477312023936031,-1.4188679330276845
1.4505482829481868,-1.244420503475639,-2.1354997371636437,0.07601955225630912,-2.4699067407897606,-0.13762701520651963,1.3311299855498433,-1.630103649569241,0.11418780372773651,-0.8495063265470273
1.322823207613158,-0.5539978939525744,-0.040979088125306776,-0.8432733478390789,-0.7950448992178053,0.23612766600404383,0.6550961925364884,-0.18498762692894719,1.2485380399644068,-0.41158149967976665
1.3360879850591154,-0.7211594877864839,-0.15847221705148246,0.8309319392892611,-1.0536837116000692,-0.1734447722291822,1.0952963055639466,0.9199958385870599,1.1859065004598537,-0.1465775596566252
1.6522777443736198,0.944294674808986,1.1208914602716642,-0.33484058980594045,-0.689504633824481,0.393151597015209,0.4748332141537398,-0.8123809030601984,1.8403474083582303,-0.6804386867339545
1.1100876926439192,-0.2417610938316321,1.4847546297762728,1.2862896342696417,-1.5203607708786864,0.1134208145058116,1.525062420023261,-0.1398560480084382,0.197406358708575,0.1259108922507516
1.2811696325224446,-0.9834002625092544,0.19048859595391243,0.5230150201213153,-0.802831214447461,0.11236002105762331,0.8324863081834427,0.9146353193150866,0.7947262281694625,-0.9111521302278721
1.4039861735556767,0.2855428158084551,-1.4934145467728082,-0.6210389702770003,-1.1667043227566973,-0.23910774621755576,0.41474028153572456,0.6541542385347557,0.6006415693913749,0.18126469087534341
1.5072955661104952,0.20252522550312074,0.7253783925569764,0.23676490016958945,-1.0565561040012916,-0.06458777749996499,0.24278125181384255,0.37534820945096253,0.7931426223464588,-0.341039966160459
1.5654869887916727,0.8312076312600015,0.5777743056545619,-1.2219153169909218,-0.6328737969313034,-0.28540482624670743,0.7958601676604801,0.8546520373907188,2.1767285899128437,-1.1280392777967359
1.3672417430559483,0.29546378245027966,0.3213915948402235,1.282890003559717,-1.5271089821126755,0.6083689555760473,-0.006206799448276768,0.46290396575575393,1.9375951875598745,-0.7651952563716826
1.568797192250795,0.13628064298095677,-0.4191737782480875,0.8603882332766687,-1.1326401212538824,0.3382683744866988,1.1634054382033223,0.05276945503538027,0.9811600749286413,-0.8628548050757269
1.5316492592577697,0.7917077963629742,-0.1847624445779292,1.4201674715004693,-1.9637105354888775,0.37738268740747927,0.6133935532492379,-0.21461903761928247,0.7895221668395181,-0.8857360003994413
1.443116703029966,-2.4423057669248216,2.1379375144959294,-0.5341909870143107,-0.5900890873257036,-0.05351770069353073,0.1959078553086363,0.3983466345698189,1.337266878026807,0.07529790664325496
1.4509352010528072,0.5124812177885427,1.1633195698757839,-0.10727895281980696,-0.6801313320497437,0.19059647845928024,0.7719565145911661,0.027423815462247116,0.09631362212433937,0.06084331401362591
1.3121546445364425,0.37746924600086085,2.753333182999132,-0.12251869467444398,-0.5472193468890648,0.01346554746384889,0.7906030687484817,0.1031863326922242,1.255989953336208,-1.2210965468293205
1.1287786649860623,-1.9200420870489463,-1.575770095316171,0.9629995167640856,-1.0519530203233307,-0.185445054488434,1.010362910535022,0.5451408673750002,1.4367488810032494,-0.5075093204905997
1.104637687074823,-1.0471740336291058,0.43973745018164356,0.3331630346579266,-0.8690635887625086,0.18269336203717348,0.7645140116969259,0.6046512036505789,1.0211977433170618,0.0023086780829720994
1.3122100917961896,-0.8866505867998348,0.2979217578971558,0.19505083155929795,-1.3022716047187521,0.2129274420209352,0.969321734989989,-1.614160503839825,0.4333276834823515,-0.178044530621432
1.4062077245539102,-0.9655533244052925,2.1741460743543954,-0.857013184681402,-0.8892663671525677,0.38268541351066343,0.5063702698165519,-0.9120288047661121,1.4574590037215556,-0.30860504466968275
1.380241042642998,0.6850661081537498,0.46415291925702906,1.2925712951887425,-0.9501686132019415,0.3173650350058919,-0.03921119595415457,-1.4818374019373297,1.3014919067580135,-0.3548454750120695
1.1021658812991706,-0.18076506414683358,-0.5054383837287384,0.9148324319580814,-0.8953240274442221,0.4044088833689921,1.0301163836093294,-0.6140097332122518,0.6875653269227056,-0.3088576153525009
1.471807183998307,0.20795172137831253,-0.23898568960997615,-0.3256091759498993,-0.6668634428143027,0.3552625586534344,0.9483626227165947,0.6826461441762525,1.4961978329385617,-0.822152290464456
1.1584169515688678,1.1381337142148626,-0.45311829552952804,-0.032654880551855774,-0.7500667949727968,-0.2470154611425687,0.9003980852065092,0.27557069806249895,1.4248505772690432,-0.38160214601329445
1.6317220010976325,0.347432607449356,-0.6048576634025837,1.0533485869657297,-1.633924854837181,-0.07022557466405345,0.15007084896088607,0.45794408615401316,1.791674571175003,-0.4420622007884542
1.249162765645621,-1.191483875086116,0.008386897260151377,0.5558997366962584,-0.8004272507003701,0.22030125191568173,0.6556345347310947,1.4318156310066912,-0.7907210635602671,-0.41970589447095724
1.3322573559767013,0.07197306593866878,-1.0297043982768292,-0.0031703515154044137,-3.1061083397201785,0.08024960151306595,1.060827665390588,0.5472986052171902,0.8247000939645094,-1.5169955734536151
1.4357988301677653,-0.13064520209157224,-0.17259151118996563,-0.9046197957777453,-1.001320765925862,0.3828171692627184,0.7705928968389931,0.9423217637142427,0.9653217272183574,-1.4113869447490774
1.4505205810857313,0.07428156674110799,0.4702923339372517,0.21779121830896728,-0.6204215654740132,-0.09073922458011492,-0.06659154850280179,-0.6859379465429749,1.438517691956841,-1.825580026621824
1.282535497363899,-0.004983542246602239,0.8145685080689388,-0.16769898664976007,-0.7417114815883828,0.3711325816568581,1.780425642653891,-0.712313963554509,1.1816977426831712,-1.2528052986609877
1.2511407704711526,-0.25700863179057365,0.39690417644927756,-1.3095997256676868,-0.8764601640350581,0.48826460657841847,0.23499147568368475,-0.0043445412707699286,2.3766516410699547,-1.7793667445304409
1.6539330607835996,0.42582394789054057,0.12014872528255771,0.11557941655245824,-1.290719199500284,0.19938821157880113,0.05712823805474867,0.6731051910408409,0.8903525869277521,-0.2468519428548362
1.6985998773887392,1.0039737283954417,-0.3509954086477189,0.19376874816968007,-1.0222692650446763,0.09752108232978438,1.4390312564740129,0.4895051872333034,1.437806866715017,0.21750367655996947
1.3750598327958947,0.044413620614936845,0.9879070992648384,0.09377134828030846,-0.9394654663730669,0.211402368112072,0.2686818150350698,0.7691328165777214,1.8898410850716214,0.06837212913925585
1.5925709401566912,-0.4485095482936147,-0.5318069442129046,0.040450362161281526,-1.2149140411002544,-0.3587211217270589,-0.12190233837844439,1.137649477221657,1.6198225528877834,-1.4373243340654636
1.5862402799778128,-2.0976676663849774,-0.4214992289626634,0.04175926821853834,-1.719922683115714,0.16563379400021438,0.7211159323003857,0.5296685628352934,-0.0002846203859575739,-0.6051665492624086
1.6075600618194985,0.39667047149100093,1.3684546402163171,-0.16853355266070036,-1.0391889400468985,0.5919082754434352,0.6665481753152066,0.9028961834780371,1.261793006957303,0.3131894928501908
1.3618533894139753,-1.0483713636562566,2.1319895227743677,0.1236825544241956,-1.2032301630269582,0.34084274862864994,1.608808217876227,-0.15318838592205422,0.3696523247287795,-0.32252470412712125
1.3100149499437193,0.3881207496928514,0.20138371697049665,0.40638797627483536,-1.979598841700329,0.26496169513250556,0.5689539802308684,-0.1600418845994864,0.23150716220029846,-0.3291362761843379
1.6662006678943777,-1.0573969155535257,-0.9239393523955869,0.6115518288940416,-0.8332634779896575,0.28932476401750856,0.7271681636723807,1.0429172125880184,1.0781567166767345,0.07621362698982623
1.264016164336019,1.053070449450241,-0.2059768555746033,-0.6195366280903746,-0.6357255176587442,0.48931995921745813,0.8447311747490178,-0.5568025512770921,1.9287911687746138,-0.9767162245000393
1.2338969245759397,0.5080705829144919,1.2133433602277304,-1.1554529620479639,-0.7118917319405664,-0.08379434983531374,0.12637697830995162,-1.1171578008990561,0.8323567575037951,-0.4930730534374701
1.4504993742677696,-0.3100789498762796,-0.6664810441174692,1.1094557741066913,-0.8444859623959502,0.1902798910351521,0.6765463544712885,0.2779271043139474,0.24832431324550716,-1.5263644013043631
1.3009720177985555,0.15345298515190356,0.19907305195340783,0.2293816357328178,-0.8727555816266774,0.4502326409224532,-0.12113447970460949,0.9620252492378617,0.5951312892053018,-0.3660935932338582
1.2952059062205807,-0.3467204724792441,-0.31384162399685067,0.2776383273986857,-1.6457753401483393,0.37970434855619045,0.8620403259097712,-0.2410518462099672,1.713584250999416,-1.2238017187349508
1.700809619769091,-2.135374808271412,0.20744500000761373,1.0049142855005426,-0.618031899714384,0.6220716232105158,0.47150630918579406,-0.5332555078294194,1.713174113702587,0.2541692360947126
1.2526762906942426,-0.7016407168077702,-1.4495483480142581,0.7508931637507222,-0.8649896545244742,0.1884437555246356,0.5276837412400112,0.43052968029402094,0.8904177878316579,0.25498464718532926
1.34708089993745,0.1376573144364957,-0.5622598234417241,-1.266337302644308,-0.47452495304030096,0.38261366481701947,0.666098568759904,-0.07095778127727345,2.4457679349233246,0.15710634733845272
1.6484733477676663,-1.8906437747427496,1.4144589894272854,-0.6030428884100022,-1.0970427745285918,-0.024178205091645647,-0.3928893521148282,0.35725100415035355,2.452614857125347,-0.34853807901686823
1.0085748751623822,-0.08877808444706232,0.004816453558618141,0.9110549423210235,-1.3216923052897402,-0.1293419660772324,0.7401185382903938,0.21325878225796835,1.7418312722656923,-0.08138270272915127
1.3263612739289221,-0.4235503393909752,-0.7861933785922542,-0.055410040329775895,-1.095261138002219,0.6039191099371773,0.7746151865023228,0.6407746713888944,0.9441336024090959,-0.4497496950088813
1.2464622329240622,-1.6146232723547242,1.212208538617195,-1.4181970979287162,-1.1902021756770595,-0.010358432621929991,1.4614780341090927,1.0480222836575317,0.8570886202147189,-0.18645791143220836
1.2710597613905326,-1.0447181407391086,0.5738343993641477,0.08320751926747977,-0.6242691113769486,-0.2792305106701151,0.3539499749613222,-0.2546458278799242,1.3464052923102672,0.2968155895012121
1.2788326942015975,-0.141864311766196,1.138851753336981,-0.7976856431424131,-1.0884964944328375,-0.09865455815586519,1.3574152374935873,0.04289356063260092,1.2779117151826025,0.09851471408287805
1.2849607002012926,0.2442514885188653,-0.8076781842151266,0.12410448403011502,-1.057985623778399,0.08286519691852888,1.0694724959644268,-0.3998618627070028,1.4664758115434247,-1.0811222748966836
1.374340426217852,1.3700847439636619,1.2745348460746873,1.5415624703147757,-1.0502225792099007,0.2126346950958614,0.8226534154934133,0.07173690498659548,0.3274567416649355,-0.05643840250551351
1.3169220568438647,0.7429466832051638,-0.40717009233320917,0.030064553141452212,-2.989704016310676,0.39185025841900545,1.0163753942734028,0.4075681386350806,0.4356302589800484,-0.8237786025226783
1.5572939192284776,0.032439428911465486,-0.06538808182533924,-0.1860253097862598,-0.5886988875327813,-0.07660321276368952,1.1137869001648704,0.8195260894535348,1.7102220133644437,-1.41816640138062
1.4742987881518725,-0.751752875217779,0.35512518851723396,0.21979447606581903,-0.8097684092107793,0.4429268882721784,0.8053046548103708,0.9903767566906385,1.9848310245093848,-0.0346938213152144
1.2721367153190755,-0.33967583776807364,-0.42977173515361783,-1.4106589009881356,-0.9549941018123651,0.031707174255417615,0.8725266915544129,-0.39729202822206455,1.3455294405853149,-0.19709226195018084
1.3413962520462925,1.178018775406628,-0.07186895990009816,0.09213097078400165,-1.1241951955210454,0.15586691776621517,0.5985968926365939,1.2442784065944827,0.22345450895011265,-1.2186124679841004
1.2653539308431823,-0.5419474465888258,-0.9288638138468336,1.3274509504428063,-0.8503003887942794,0.2957788051630898,-0.20148354209352912,0.29920593670254136,1.901423485297781,-2.1239072125799066
1.3228486666642323,0.28719492411043374,2.0032481271004867,0.09050760687295213,-0.7668714635546129,0.23845886430743926,0.3767776111719767,-0.03643564649749019,2.400675346435504,-1.5964727020254732
1.207505232007047,-1.0063435320860392,0.06919819861055714,0.5575165155957978,-1.0760152112135657,0.02155068830662414,0.7931133004357191,0.3413212396859332,0.8423958887189577,0.27219422019228046
1.1370374572499,-1.6792480012752964,-0.39820201791088833,-0.728744320965063,-0.7642202173642394,0.4795923254045593,1.6319209588225443,0.07953876277276528,0.4719427123552883,-1.2921019737967012
1.4380742135151041,-2.8900479670990977,-0.7044250946490727,-1.515134739869253,-0.8999126943037319,0.2270258539618029,0.7997364938502448,-0.11618701909992253,2.5336765517385658,-0.06338869328803227
1.2924567882783349,0.972771035215893,0.7466847694426879,-0.7709960118565209,-1.367660691385069,-0.042437600035391175,0.8919640383281183,-0.014282012600217896,1.3554440378531427,-0.8037175323777148
1.3735308464311722,-1.8059048650615277,-0.768841892888214,0.02601567979650337,-1.1098107935213455,0.07967572598939204,1.3934963238416074,-0.11851676016019057,0.9550512811834081,-0.393451799836164
1.2606864248381389,-1.336495510121468,-1.2239227508501889,0.4797159238073304,-1.024230393108424,0.25184081110942597,1.1947388496282474,0.25596974296704084,1.4985295705006008,-0.4907401077156665
1.4007736702334073,-1.025902879506451,0.6275612984813465,0.9627206617698234,-0.6916373819776311,0.25805794896838163,1.7792922534327267,-0.3285051523682512,0.19531665344768967,-1.349402121446306
1.4382825495470188,-1.7910981591670667,-1.4211178444841743,-0.3737182088800651,-1.1949270749308913,0.4045819815986612,0.6278367105686946,-0.21136208312429128,0.582515975406173,-1.415812559250784
1.1904275270323796,0.07524267436114555,0.05878176596256928,-0.582548539619473,-1.0833421243656887,0.2912324251904618,-0.17011535527114754,-0.41524604483175415,1.0607117256390706,-0.6661880355427453
1.4043371280285954,0.5595939506973372,0.8482924363746948,-0.09906339911022165,-0.572802549564446,0.24630200979542144,-0.15057916764491086,0.5870757055250763,1.2257858340609191,0.3856893890598835
1.1666318947842294,1.6590639288070943,-0.5395859549870685,0.08633379058269933,-0.5230144709940999,-0.09446398185109658,1.2952028362370576,1.2612971217006985,1.5148990584081525,-1.0315376404091114
1.1733116523437848,0.4412138850098518,1.2259807083190857,-0.7991977690880392,-0.6706613364109126,0.07840995298613905,0.7866506183081453,-1.2942250045266104,2.5509609875488053,-0.00845539645654805
1.3338370938383701,-0.2649213966697277,0.06547868370668906,2.100948248085404,-0.7674303422919844,0.08145016542897744,0.8035226979561252,1.581441178910376,1.5161928088804384,0.8493784731468011
1.6391749945291767,-0.24775216798109753,0.17974379072718508,-0.24655052317704845,-1.379885177533694,0.2742610973763546,-0.068526867417479,-0.4538037061487014,0.9766157323134773,-0.16306152150381983
1.2044106414685807,-2.1055176462571765,-0.32266831681665037,-0.969447800089437,-1.1169987512157329,0.5112465537821786,0.6268167593659915,2.0366111294678984,-0.15392783183342598,-1.1214105174411835
1.1198674348040631,0.8065897713850345,0.42561191739643883,0.1294117014922271,-0.7250589985687936,0.12597440231389567,0.4543042011248403,-0.12769272278618007,0.3767554847730473,0.3483289276305608
0.9704335930272657,-1.2255082931236847,0.07808513481761233,0.5720325113002019,-0.7193659554126165,0.34378222108644174,1.4858503670018792,1.8238810287799165,0.623634819667042,-0.02921001301830681
1.1351219295446562,-0.6617601142012963,-1.6188091456896443,0.9478690485765495,-0.8950856491923056,0.17371554691419877,1.86515459999811,1.1334615410479163,-1.4628907600886862,0.48604621437088663
1.3184537562559395,-0.7105496397540269,-0.7283972605508682,-0.4087495086576564,-1.0467410714417462,0.4535431413285722,0.10470696366568574,0.7603398713138076,0.7802787750812425,0.28363759179849285
1.1934094023117916,-0.16529660899862508,0.6868378401127492,0.7469054281009793,-1.1813799458669179,-0.23020031275519595,0.7889927160159863,0.7669863341779192,0.29437793222028763,-0.08205237374232116
1.1265126449645138,1.6765427124121,0.08477568124471282,0.7465028646069104,-0.9250281838801292,0.16507866694344617,0.5907674862829836,1.1246696868512849,0.9310756812521567,-0.31351153926984887
1.2250726000963812,-0.34609668727836496,-0.9035889944654858,-0.3693114414153667,-0.6055314327089263,0.29212505398649147,1.9029222613022947,0.6236731305448137,-0.5866205400856398,-1.4190474132500883
1.4130821485125071,0.9789649636955509,-0.20285385226675054,1.1752907744854102,-0.9576157172836184,0.5316782654397182,0.3886769477136957,0.7208239488727182,0.578821003475876,-2.2287578417904625
1.1188274869855146,-1.3776806109270363,1.5724248311824651,-0.46000603618987507,-0.9995978609686723,0.20603964079378465,1.104105114643036,-0.567083287898083,-0.3575397768582584,0.0005107258631131806
1.437910864246512,0.5178158979326734,1.5813844839009883,0.8698725960529529,-1.2388777669214193,0.3206289800526228,0.48967523860393003,0.7893948511032679,0.3761241293998407,-0.23406216296526253
1.0786852502164197,0.7415815864403359,0.06193989249934061,1.1211758329681578,-1.1559539588776324,0.2819759387687039,1.230622809359026,0.7738692730102129,-0.32148860589033457,0.3342462105232523
1.0607014579393212,-1.4939554712047156,2.1561795287893286,-0.33992595591189473,-1.2538442645302381,0.49039997189499424,0.18961144030358085,0.10520887049262899,-0.41806951060911585,-0.551166141637984
1.299082649092538,-0.46061716312022366,-0.5124539904008487,0.6548597623145977,-0.6962917296931108,0.29126586837674684,0.03862089023340491,0.6121421693614385,0.4792192857516286,0.47295575698047293
1.0963263343925844,-1.4725150519635393,0.9600802948129548,1.4027912711037824,-0.7812775211789174,0.2829095295427126,1.7811380709422227,1.3798780752733617,0.9885789296206037,0.21339428519824521
0.782603711745417,-0.5878315159767916,-1.8464416179145644,1.1007001973831467,-0.7702556371274808,0.40838409692078453,0.3900220852302366,2.456400119694014,0.18734480866272663,-1.688647147672726
0.651478668740055,-0.14718100485606353,0.6420274636244987,-0.2271912369364417,-0.5347233970064195,0.629190294299398,1.198421251177096,1.3757285599042768,0.5036843864764727,0.2637883611284153
1.0419842902308833,-1.7622128351845128,-0.00965249436718697,-0.16759271283346325,-0.7252774655476352,0.3027452196727625,0.904464659267547,1.1347252962295649,-0.902722738629173,-0.023105208377463216
1.003025443586199,-0.9457155817604445,1.2320976874931593,0.6755599749668789,-0.6448099207801454,0.6014083496622251,0.662256145961001,2.0463373736907657,1.2153988555744937,0.3475179347074442
0.8695585214894633,-0.18169118983430796,-1.5214636236635193,0.08779759441655315,-0.7597305100396937,0.47793770344732184,0.8499383181028267,0.9972208509911735,0.541366777243565,0.3763176546984726
1.1534580262076897,1.7019420267411902,-1.2950485097380324,-0.17450026452537704,-0.8930048768433415,0.2797128083172579,1.5032063722830815,1.2135570846226882,-0.5686217537523459,-0.3752622469883488
1.227080386972143,0.11166654467345233,-0.7764507662301194,1.202023484566544,-0.919259018256572,0.4940863634502649,0.8998299758569409,0.1351757152800543,0.3360272856286952,0.19312297711046522
0.9867826141632979,0.3454682289792668,1.0847432598908802,0.27594210168024436,-0.8523333434501316,0.616578643938282,1.0378257919934746,0.8864625151637121,-0.011145187100431565,-0.6361368619102368
1.0518663820483969,-0.864118130515131,0.1327239196579545,0.1351574124677775,-0.9288823308736419,0.21519860109799976,0.45747386144141,-0.1404948359170292,-1.11036686702379,-0.14599921530478643
1.5375683422933633,1.6237714315576404,1.6155948386892505,1.467790387064937,-1.0306590260970372,0.7757458942069283,1.0897348778840488,0.316648621104415,-0.059467318544984535,0.6175358370687524
0.5779158733858192,-0.4386392626744277,2.015900709604822,0.7502950706220588,-1.0949352702273007,0.8333907407081235,0.9120877553103406,2.5589210596997702,-1.4319616089252947,0.21032061368801558
0.4100148118047957,-0.21368003874756997,0.4725345045807139,0.44447884628477324,-0.7060702918363665,0.4325126757930983,0.717874170769972,0.7664657307357782,0.6156913917304369,0.7132300788106734
0.5171101380683876,-0.5449504219773377,0.8582384411585591,1.0829439709655664,-0.6244060243194812,0.19520337774619784,1.4295839389592708,1.9845619333305966,0.6664323435340308,0.3430516263642471
0.3816928159609899,-0.5085442375780675,0.6701686452702134,0.5623913678573709,-0.34893434196734396,0.8490792168402355,0.2860865224499533,1.0800951859995533,-0.6585544460117325,0.3660545060726408
0.4479760411666122,-0.6932030839476461,0.556628033980539,0.3011817531660407,-0.6544410254407057,0.5016844032469654,1.345708432114924,1.6744504151107393,-1.4696910660437597,-0.2241128555262293
-0.34382739116864325,0.6335968630529011,-0.8113622876618618,0.9243872597579974,-0.3749383239968146,0.66726058725821,-0.3289607376730155,2.5322955234200766,0.4782975875822557,0.5922035716589122
0.349129082088068,-0.3169049022996599,-1.0161748827995223,1.2545156912944564,-0.6090667335073066,0.8059948579640339,0.7257460112444966,2.329725451227537,0.42327536796587206,-0.7170601695446102
0.6047616410517913,1.3807806786128354,0.9763091459544722,1.2078653846810203,-0.5573466291612785,0.5338096643664119,1.031596991983357,1.584358255322531,-0.18921036945931932,0.16709415764980995
0.05146816192333875,-0.1938857176531636,-0.5449561024738211,0.8407078718464773,-0.6658609901635989,0.8195860532789759,0.27617226310194737,2.6046751979265386,-0.7196843642141428,0.4708627325548404
0.5012782313268799,-0.7032635726902804,0.03345570722687781,0.7326258573903903,-0.9554271433390354,0.5858953994180509,1.275050498238443,2.527353781485556,-0.02265814024533553,0.4135039446012848
0.6580365134143058,-0.9615892850616745,-0.7582936711457606,-0.2542417225970784,-0.6880304058988785,0.24462271992390908,0.6078582824100401,1.762742678104698,0.2630766408743026,0.41396542595861774
0.6813392455162542,-0.3402540897295591,-0.2650660350710243,0.16288690036663755,-1.918009412150147,0.3086761903519786,1.239883868941478,1.493512994384396,-0.319896703739924,0.046636285375819514
0.6798189149690461,-0.6442006131168758,1.3037657967540375,0.0009456721671801562,-0.6832123661740124,0.8051822445492115,0.9212244079577345,0.9606687201439026,-0.6229745243487368,0.19208630049080558
0.8470023875644084,-2.096094869894626,0.9852606268555942,-0.689701009541842,-1.0266625857305312,0.8081642746683119,0.615742559891129,0.5425855619823371,1.270070673921092,0.47582998505945723
1.0381851622716283,2.1522649297794065,1.0350815319500561,-0.24950719300650506,-0.7092440303828297,0.7011139140349453,0.815253997213809,0.3655422963456315,-0.633192665617395,0.47971721274995127
1.071753784407852,0.8434356345944635,-0.12944082155164804,1.281655136761262,-0.3316333702909104,0.6610315761788687,0.8495052830368406,1.533613139220937,0.020999915805006306,0.12967094102682902
1.1897433163594195,-1.1648529490611854,-0.21226017668799496,-0.2591330921311561,-3.314786262416756,0.5201272784521862,0.9050900806834847,0.0905267070048618,-0.6270829383539366,-0.2052495048591907
0.6847336494171293,-0.5298059395705623,2.2375234518398606,0.8266666381337495,-1.2644515657455717,0.8300818535941626,0.5233069264631284,0.17896959012541308,-0.689501106032323,0.3794302763612685
0.28246038467067175,-0.013772408290138856,2.776139810586583,0.4103460976524827,-1.0955831441235737,1.2441277834857105,1.4023187089443776,-0.5026617655446709,0.14614735577401988,0.5550162568520703
0.4321702016777785,0.41592390865800993,-0.5803693614880369,1.0472457301529696,-0.8761593426079258,0.9274169720673932,0.3106105109627614,2.1401464142702333,-1.052322358948027,0.6674925862808462
0.15248548665954817,1.6441863091976734,-0.5875176311943621,1.9287915960377588,-0.7651223859059195,1.3029582500997636,0.8189331226503797,1.5608197048710277,-0.4594542590047212,1.0297729122819628
0.4796947559822172,-1.0123199820384419,0.21323683378488753,0.3017845293969359,-0.8425482720544902,1.0441842068627485,0.21463359923829703,1.5175946351449623,-1.670658334566638,0.653035946118898
0.32675079049076466,-0.40303175975775546,0.35856711692545673,0.30790388488193254,-0.5824287030139124,0.9768111654428345,0.7077507938990142,0.863946793591384,-0.6975236404115571,0.7753417044982168
0.029256065072537807,-2.018725240739317,-1.366690450386931,0.47742599680942727,-0.7716918087392693,0.7686021348815179,0.7117380160591461,1.793216848495671,0.3880734223195771,0.9933963280294146
-0.030953389072131,1.337604244347462,0.4350088727411976,0.38629614869330364,-0.5064843572882717,0.7132654615944177,1.5701630317618396,1.004421907305314,-1.640858936470005,0.5449437243312545
0.22281074360098707,-1.109646325586211,-0.21883401410909376,0.6914941929039929,-0.9680059185412773,0.955791991775169,1.0038762725166985,1.477621418723229,-0.4561283451309536,0.825985133644326
-0.10330424943930142,-0.7094537701743937,-1.794119470339401,0.7642433427497839,-0.9126499298563429,0.9938165370878486,1.1570491641090335,1.5009499260013064,-1.0001348090489475,0.7037963518389923
0.29664170267877416,-0.262721087774359,0.5770567136163985,1.7766781632492565,-1.1236909215230326,0.49268645385786264,0.44736450959485435,1.609186307174949,-0.20578592157989273,0.684938430680867
0.5351399574951453,1.5397779671684662,-0.7137666908137615,1.127273438010371,-0.3537536534409288,1.2493189824410087,-0.05019904602616034,0.38950391543960744,0.6392507747438528,0.36343045461012613
0.266835779024062,-0.43049712654942834,0.030785686296371538,0.8791002355501334,-0.7219899020595979,0.8165212016824568,0.944724854996546,1.1738916148930991,-1.121623674982405,0.4263925541571633
0.3809910299257805,0.5227772708243963,-0.1667799925111611,-0.08072094343292434,-0.9104450314704592,1.105995657913154,1.5008563061151488,0.2037279979455517,-0.4545069177203547,0.23633350713388404
0.8278979975915755,-0.05923499055890464,0.9479903089472249,1.2280829801230062,-0.3309260025045181,0.9377993644639993,1.053061277584315,1.1817350020716912,-0.18446609570816996,1.1923031045107673
0.5100843911466699,1.3930139555400411,0.09536246693789624,1.5043345518347175,-0.5449387650276394,1.1666682625712543,0.5087637202141754,-0.7323739138957654,-2.2528347227077252,0.8860044106343489
0.3122395584865484,-2.2112507382371693,0.9373929838926098,1.554830718101284,-0.6548823952712008,1.1204949393525447,0.25162436062801785,1.6036732682142953,1.205411758400202,0.8955752655891928
0.007065107836569429,0.43942000714943985,-0.7721357762448309,1.7146498228429008,-0.5646890533945802,1.1099313392107915,1.3685578923734476,2.545911853665637,1.143286551310585,0.9138398378376317
-0.24959180202530107,-0.3217175252955981,0.7069658699879362,0.5021177521422808,-0.6493579259268157,1.2276696104079299,0.868523156223478,1.336133882326483,-0.2008586764335195,1.127856735409054
0.07650733266252387,0.31074193539062844,-1.9384990086723954,0.4401412161446371,-0.4132186623810352,1.0638852481329086,0.9274915826186027,1.716969942227548,-0.0007620119142293838,0.7046406333334508
0.42352250370096695,0.3163404465491949,-1.2844737909183546,0.7597764779114125,-0.8332293588545463,0.757908772388132,1.7163817710553693,1.8638292110509216,0.9253148660947881,0.7843371098357013
0.49292426372735165,-1.6048041251637666,-1.7093935212775175,1.197123734758109,-0.20148587777564844,1.1249233936272909,0.62209295205042,1.6509662742407547,-0.19011335896640705,0.7480275876293299
0.17102579493699333,-1.8814764731674014,0.7606991298904672,-0.814581568224297,-0.5273687413192025,0.4635934769789737,1.098209758466914,0.7801789422629871,-0.5983850195541335,0.5256196181129882
0.14737910081703695,-0.3715011197729239,0.5450820103690821,0.9315679191955835,-0.40698327267466256,1.1636021461649877,1.5302742456286897,-0.3339403659030565,-0.29347994325033483,1.2929343875715231
0.10376387419943235,0.4344970286536881,1.0512961751865677,1.7581733752181183,-0.516235877310027,1.0082616264915572,0.4769809465428461,0.6680792079764425,-2.0161682413218087,0.9798410293342638
-0.1379779423007527,-0.3050023179831835,0.48174183848863283,1.0933788253123646,-0.6837544567337749,1.2414166064156962,0.6851995428086416,1.7030314109010647,0.1583158345928093,0.9248936608910499
0.4156129949503007,-0.10059111837105111,1.9197457174125663,0.6736729648120516,-0.3555746142596859,0.7304051062591175,1.0256058371241268,0.33305167900923294,-0.7948913699751216,0.8254608929895623
0.20231146278699016,-0.20302964418228792,-2.011859380038362,0.8832951801647837,-0.4906903152575215,1.387038588746733,1.3014361116624924,1.174881085569415,-1.5694692155147802,1.4458146258049374
-0.06586316923786285,-1.2171898878120555,0.13637189469133842,1.5898331337301144,-0.5023041550818351,1.2045295300921781,1.3082903811772475,-0.9351223210809982,-0.8515008935123303,0.8423711283583702
-0.20943259434262484,-0.608149550486843,2.1747884410047535,0.8240878415601266,-0.6400309166186389,1.315992043380878,0.5384816243262013,1.036703664389629,-0.15636577098400312,1.365466437405603
0.3590499895090983,-1.1925187614477,1.883663763245667,2.2323603827951892,-1.4979631579772832,1.129614475723337,1.1774964463699877,-0.44214210122328595,-1.6156577840134874,1.0631160430337319
0.021383290976140428,-0.0798847784665482,1.1397876057565057,1.3327692696780933,-1.339069894738042,1.0035754072459906,-0.07402826314448306,0.5230713006592105,-0.09126943051781645,1.1611763818621619
0.023313871878463635,-0.11403216357685836,-1.4349777971666655,1.302801890888598,-0.567866994667149,1.7386362767343453,1.219396107033546,1.1845595758544396,0.8293911373423812,1.2755604714740818
-0.08051021025335373,-1.4644412950200976,0.30895533148568755,1.5566017329447996,-0.4102847883971965,1.243903488718105,1.0536215690998898,0.7735511057914509,-0.3303829787707784,1.1306845787199302
0.2602830417287032,0.2396307275739514,1.2781329615651775,0.3715612100026034,-0.788136105461303,1.292078682223091,1.2629168795390473,0.5811829842107569,0.996045226127391,1.2383566480832349
-0.6336006995868791,0.2470390137104965,1.1581019746738275,0.9179436155487077,-0.6245936713944571,1.0796822324879465,1.2829418286886292,-0.8054030366758727,-0.546123596269446,0.8883856413962957
-0.17126553736723915,-1.3022395150565427,-0.7296636317081852,0.9594131117046821,-0.4700205493228898,1.4746060274655655,1.4776771358885945,0.49841145265320835,-0.662455980713701,1.2022649576602344
-0.24955740527229675,-0.12261184303743351,-0.16785485356179267,1.6476249252415267,-0.4223623274476361,1.4579473948569441,1.5226149847256585,0.34573709569552485,-0.6574566515421876,0.8583809359765036
-0.24092328919123138,1.7598755167550466,0.21582443338439086,0.9966009934463074,-0.6525286156392082,1.116570967020002,0.6887622716891747,0.42946423236008724,-0.8859092722704642,1.3959965820779379
-0.10354145651860797,0.4578510699119669,0.3154761102960987,0.18453441590662448,-0.5855044384409642,0.9291902922379615,1.3505346806105267,0.27556951501729726,0.5173690294457884,1.2631302416485026
0.019981208517280528,0.3371265131328364,-1.548353278500501,0.8891761328798138,-0.44683767259958046,1.570168757443865,0.8892758149182417,-0.6990198099821768,-1.3083795112956893,1.3208712344992175
-0.27198880634610284,0.5613849003159223,0.065872045729586,-0.5397755508284603,-0.4487713174216334,0.8593613047499274,1.0164567589281972,0.07083028674626433,0.7993714735715962,1.1051270189842033
-0.25995313183918056,-0.49796718410342317,1.4969170680210895,0.8572331956610751,-0.63654348026408,1.2795619823284654,1.1994534051678198,0.5537271734727851,0.8306230070849808,1.1658845935891984
-0.03358998529297096,0.7223896592422642,-0.11476112437031011,1.6343322374747384,-0.494086455178686,1.6150332344128904,1.0923951851629796,-0.6755507067910306,0.7636824683421188,1.4410311339381603
0.29530395584039804,-1.1049734844267185,-0.12735319728481548,-0.04630169962469826,-0.3523454416427077,1.0020388016787283,0.31576127754850697,1.0129217665780694,-0.7820489793536737,1.3803785710997905
-0.5853301810684219,-0.656480368346615,-0.136834710394576,1.3369957990985564,-0.9632967687405245,1.2646635109723148,0.49827056830601246,-0.27446771401707304,1.203830485094774,1.0466573375517654
-0.3144207275872965,0.9947547104974431,0.5850698388705783,1.1215963717103465,-0.4780443595806481,1.5273260326661973,1.0923696154997682,0.7880211170255671,-1.086574381929688,1.3557398510742096
-0.18262707181882853,-1.3740436052437686,0.49644956256772815,0.8661258677792552,-0.826521201864329,1.4779750349671847,0.7937471037818743,-0.34384094922340686,-0.49237181259414964,1.1264963462638025
-0.2548558567291727,-0.6205830571291308,-1.2409932946166156,1.4759914195062716,-0.9951046117938918,1.5324119325174375,0.6141550118045098,0.2779423371849429,1.266594118335962,0.9370416607013423
-0.353830886868418,2.1152066160641154,0.3311732751979952,0.8619502931153028,-0.4601838924571773,1.4804706845522935,0.5685687208590617,-0.5147964512877832,-1.551856637796947,0.9517804686532602
-0.22442811343671068,-0.3051148251198798,-1.0828770390279545,0.1216076488621042,-0.5143527611262878,0.9235602783098381,1.4131123105262857,0.6177114598449521,0.9994701778963339,1.160646022044456
0.21881569911082588,-0.7169816432268494,1.1623988250514432,2.518007537949941,-0.3763948227734056,1.1182286048627188,0.0865090490944832,0.4220737807714003,1.1381860858688193,1.295646309341111
-0.1346472711360393,-0.2309584121607473,1.2700210369734155,2.1351950553931167,-0.6090299201774032,1.0934745265825483,0.3520021943680887,-0.7659868565696619,0.23375046215894263,1.3340774415449788
0.11865778483214715,-0.35754191643619293,0.3681411205744772,2.069862784047344,-0.2662140234926543,1.5386822573173522,0.3013832948448693,-2.2220522756626755,0.3444448515572615,1.483542288176701
-0.07301125374704241,0.6474836623667078,-0.2968016551359826,1.7756534216970352,-0.46893852221095755,1.0580940072896743,1.2579710739479755,0.8372086279892288,0.43685380279290836,1.4907591254797536
-0.6192794561290861,-0.6013283387732544,-1.7778379207594428,0.9466943670524989,-0.48096841229171905,1.278516475004923,1.0179066480407268,0.03608104861819248,0.13715421548370388,1.466360309489482
-0.08632479586601136,0.5813278695825477,0.05507425547566287,1.4893550936381614,-0.42686870681598554,1.7802318302882079,-0.1994101260288961,0.2573933518465227,-0.5064441822605258,1.4293542493199611
-0.31400778951383945,0.3797360648338306,-0.8088211675583241,0.26861743985876835,-0.6564574240297315,1.5378416240207753,1.0461262662109487,0.8865898435904422,-0.5822522122530482,1.3346953698981543
-0.041347317953138195,0.10842814424227769,0.09107661545973525,0.55366315653659,-0.6845317904649538,1.2311804673371993,1.5380057693927147,0.5245652849807034,-1.4354853835014842,1.5869225291028906
-0.24424668674400515,-0.7279857504617758,0.44761718808387435,1.8979119552068833,-0.45123044082151254,1.512201213300519,1.7110362446413034,-0.7080673965760192,1.1800541639772346,1.6834714251001346
-1.0917232170309403,-0.016928964336786652,0.3722022859131033,0.6510565977341864,-0.3962245749383066,0.979350251514197,-0.2708688741163001,-0.12305130053513287,-0.6733705528917441,1.4615377797445388
0.06539655880986361,-0.09092646311735939,-0.8217586966461022,1.231041610465547,-0.32397984202659574,1.3000161942998518,0.4235955565815724,-0.6585935286831448,-0.202100864725769,1.3472092013847616
-0.6407291683036126,-0.8157896708023411,-1.370384928445929,0.9752326625160619,-0.4072139896599809,1.281566988280881,0.8572966907540868,0.1225844187921493,-1.3530467154143204,1.5424487404202327
-0.2998702356546888,-0.2659534388879975,1.826672130032264,1.3053332251467675,-0.3576803559813008,1.4224683973188361,0.4188711663935303,-0.0019796421317445183,-0.6363000959991375,1.5454157100070622
0.11126106006452101,-1.3687642240645448,0.04304700237531491,1.02995674449667,-0.15505885776543046,1.6887161688875763,1.1646413453735847,0.15499169104513463,0.32123523320010794,1.3722583927798133
-0.6341351606546489,-0.01384986066264783,0.62913273867102,0.38996073842377754,-0.786224612421268,1.289370300060074,-0.15634362901783289,-0.2241737332222289,-1.1116239055976207,1.283363108065751
-0.2800696948060129,0.9748276489644742,0.5933478710304068,0.8136110513024692,-0.5061861199996197,1.6632106030839475,-0.706078750140247,0.33873567033759994,-0.43003863044836493,1.586395588710346
-0.7286056677543454,-0.6700180503261581,-0.8976421482509147,1.4830565391656079,-0.35977580534801623,1.671737643481381,0.21365946796175345,-0.7221994324145423,-0.4428989922127408,1.561038194270459
-0.24309370664275154,0.6375390469544728,-0.8831722278974953,-0.63716462332466,-0.4912326701330845,1.4590212271688041,-0.24786826864197609,-0.24478756233776275,-0.7817885647132709,1.3443626757717722
-0.4832720836789454,0.08770166937737355,-1.29216451882954,1.0980807636279362,-0.6571087578329388,1.4741250601532985,0.6530152591115318,-1.2669739429306381,1.2584178470479592,1.4919545245368349
-0.571490515038744,1.4426265285943476,-0.2235130559987968,0.6342773134398302,-0.044315899401953664,1.4962675926073057,0.28074519225791306,-0.7158024035478739,-1.3620123365598757,0.8675279618445723
-0.3580368607571345,0.27364221149849594,0.2257113436163166,-0.025034280540637433,-0.44498014894441434,1.1850718558739528,0.6489656631907262,-0.8670462534545615,-1.244215123516667,1.925112940596807
-0.5843757384808719,0.3293045367844565,0.381171966831894,0.7087186791146954,-0.15719276085960687,1.5161848552053747,0.14597117304411197,-0.33501763428244125,-0.5888203403092281,1.5457386393667447
-0.09782429858222234,1.7199568154267815,-0.3780837806846292,1.2715997848047602,-0.2853401034564278,1.3103835267210422,0.8067969688792793,-1.401282390658534,-0.08840675117852997,1.5219237401674313
-0.17838865060250164,1.0527732663085383,0.6526329174138843,2.191372654802435,-0.2717294239082198,1.1751281611360795,0.06571537450138966,-0.2531320722715694,-0.4943635916812955,1.8810211808848754
-1.2445157436526937,1.2364905296164752,-0.6587388327335858,2.671638845816842,-0.43993469373605204,1.1403852551455655,0.4094470435950251,-0.6222258504837576,-0.2990294904455294,1.4250278140467778
-0.570787825688481,0.7127483973670149,-1.6974096806606869,1.3929465903502023,-0.3508622887700771,1.4756259941520995,0.9691043169576093,-0.06817042163465045,0.17227506088817893,1.7466449555930266
-0.5899582288657762,-0.3290344915053965,-0.06508128845354708,-0.24625999243634425,-0.086019485377316,1.4588509795269957,-0.11606023458953066,-1.6081427823992778,-0.034296381685460314,1.5232240799249377
-0.5521059759516069,0.058007525642216354,-1.3255806606596776,0.2070692509609957,-0.08628634340135433,1.4387926548659398,-0.2669300445910731,-0.8855110992450835,-0.49433917370164704,1.9655939665780104
-0.785781753366382,-1.469396880088129,-0.44641247012850815,0.5860473168263295,0.06802138361389008,1.199694736731284,0.3691635903804721,-0.47269908839443897,-1.3472118082594595,1.752754509530659
-0.9854859018088733,-1.0269851611200258,1.0849290555449602,0.34300722455139016,-0.4162959477454467,1.5447954099203802,0.0020239702688626317,-0.7469335042647309,1.1426320099438745,1.9439290603181802
-0.4350780151176415,-0.6495130312328836,-0.39866891434268065,-0.14610750968972178,-0.2243029796778625,1.141485428420517,0.46278883121490233,-0.49739054787296827,-0.47336901485766886,1.688653612691869
-1.0723235967381792,-0.16881973700088682,-2.6689375480225315,0.3837963214214522,-0.3338516955456872,1.8442679424699338,-0.21439220442147253,0.3625169226916111,-1.0271317286566808,1.7901270483422687
-0.2718608602215898,0.037404392364396084,1.2705379238477719,1.0035986693202148,-0.0018528460756910717,1.0710643879435553,-0.23822140422411778,-0.37984656715445714,-0.8005277585687821,1.8700486702518158
-0.8556579629275649,-0.6411625487224943,0.45225297752582233,0.7379938526562125,-0.13179552426919877,1.6750770284960521,1.0546997921367474,0.0639339479446384,0.8514907384469,1.4812925283676075
-1.2288595831817422,-1.3809986563432843,0.7493464790534067,-1.112629281797979,0.12605641323640263,0.9160458913744096,-0.7971823167772722,-0.4185397193607175,-0.5433700168127785,1.6384696333637696
-0.33058062702481417,0.692665653932752,1.2483570480633084,-1.054489015599541,0.03688875778610672,1.0882846174411018,-0.8815187578663006,-0.24730151915111112,-0.5660290844834612,1.4673289479177722
-1.1733465034048276,0.2740880008407485,0.015119684688765931,1.8858611741834057,0.2639565453501239,1.4744284730139259,0.5088275488500063,-0.274468207486608,0.21943822494440476,1.6669349151090955
-0.4516966422531262,1.341789848364912,0.2854268033473307,1.375068529188303,0.0138901633765816,1.342199494434016,-0.4439793508613513,-0.08023106593961526,-1.250556360704372,1.9724982173507086
-0.6803296368297319,-0.9767094928119376,0.6881524277976421,0.17824492684179588,0.12367127217455057,1.5339050808887378,0.21159276717664452,0.13290591429051052,0.5393338882441414,1.6543327457777586
-0.33317849376964825,-1.7491764162029007,1.848934138335897,0.9937239859751068,-0.09676505192942453,1.5974572366855155,0.5430687114575746,0.03279330812164967,-0.13697020348999037,1.8405184354150914
-1.6042225714254104,-2.55452472688007,0.6099508014442689,-0.9650510147611151,0.28915751967792536,1.5637604266300371,-1.1304666181900374,-1.0449865401307221,0.5413268043717431,1.5523011803284885
-1.039985195872421,0.34500290928316424,-1.0614926431686564,-1.115423959081902,0.11825335899172883,1.0338724532256733,-0.7261016021794932,0.5225246452368286,-1.2764356044185354,1.9032455218943705
-0.3916984181579576,-0.1326382335145662,-2.9959423591196566,0.9301607517419856,0.31756765816976107,1.106571697320529,-1.2326764339544691,-0.31712181890418994,-2.0025359286362403,1.888754860269785
-0.5633440590470702,0.43804925878160444,-0.16241433075474682,0.222413627221514,0.057555243255158255,1.0010028119018493,-0.0686324526032784,0.637460296549073,-1.4527546688740283,1.8449462266168906
-0.8410335933424468,-0.4228976555548464,-0.3083302512223994,1.3211304447149006,0.3633602446413732,1.1243623953035804,-0.9791394919820131,-0.8820230533524624,-0.6312318606199905,1.8361269999335557
-0.44468435946486784,1.1123399102246867,-0.11150575019439014,-0.344327614475887,0.23000073583963807,0.3592813335250056,0.39641483038953257,0.5006224320367371,0.08433034885147075,1.6365100322062365
-0.6175161445473508,-0.8090534987125804,0.9689037374733238,0.30665516245569385,0.2601758955881929,0.6568748176437165,-0.9808850683382035,0.5370123056238053,-0.06902876671797671,1.8691915843161793
-0.4309761938192468,-0.2797052888952699,-1.1356679275003745,-1.497446031581125,0.2825287042361517,0.697918668684905,-0.10538534772867877,-0.029336231754987944,-0.9695744681095715,1.8577337888005516
-0.02257088312062517,-1.5362571147448711,1.4537926628948625,0.37636347074800136,0.34802591002778127,0.1293520602227765,-0.6500774240028946,-0.9293428071934385,0.1263312803528121,0.24309053783652315
-0.9634177165668768,2.007202544996225,-0.6599305533533504,-1.0458230908928563,0.6627403622423883,0.6192571719895333,-1.0453838828317976,-0.6421953022525845,-1.4556035069457949,-1.406287130012849
-0.8396464627699958,-1.0865829679357792,-1.2047460616136938,0.7050646666493939,0.7545110217459087,0.10370537280103537,-0.8334210234301722,-1.5010037131682457,0.12698371783746543,-1.3029372507777917
-0.8877288950594939,0.18066562238466152,0.1621809343498008,-0.4779828546613438,0.7285824481137098,0.000860226422432223,0.1274375713088901,-0.4482309430218668,0.4780345187022555,-0.4769561923443001
-1.3783708081062807,-1.4803527181023004,-1.2044834758017522,0.24993819341257464,0.5311441100487277,0.6103815875915487,-1.4511869842488914,-2.7246690879635773,-0.5334529781554052,-0.7223610979760643
-0.5657934460954065,-0.41701008969645814,-0.185096403434055,-0.5548352673698075,0.7919256934852947,-0.16429745493856548,-0.46196693784246945,-0.45742812423733153,-1.1893267990574887,0.19603867075238235
-0.48523105267492633,1.004353001867541,0.2693369681874794,-0.658143832443886,0.9797857381695427,-0.4598751908750999,-0.14104410932408687,-1.3621379775861244,-0.11007684093987882,0.3931971235793272
-0.38305526483985175,-0.2659806219887289,-1.859431007098113,-1.0097835047825896,0.7849251318283612,-0.23515876806518393,-1.4332783282591046,-1.2042205980808751,-0.04546624563109561,-0.581991289701184
-0.67028749722095,0.5692637286384973,1.0544741282749008,0.6313922100502941,0.8752831136714867,-0.472739804945403,-1.3838419212062982,-2.1251737502376256,-1.0732841840888505,0.06665575467585558
-1.3329794780419675,-0.3162029099476087,-1.7461427357464725,-0.6853861688529758,0.7295424605515436,-0.1276467826230123,-1.3766023749611707,-0.26853720742808485,0.7909702755614391,-0.37896593063715583
-1.0394249743085264,0.5168696761163751,-0.4641493978904429,0.029440043195895004,0.8542389134348792,-0.7378281434451143,-0.4000063095357158,-1.0237289673266583,-0.5037489682950931,0.4175237128176963
-0.6017831380820912,1.4132328884118504,-0.27633682538583193,-0.2292019331181622,0.7528556890025159,-0.36229112155412957,-0.26006297753022034,-0.10440328480859865,0.010142470132760635,-2.476811128143578
-1.9084353678697215,0.3273446917864553,-0.10955819044908174,-0.18216633026683307,1.018729641229719,-0.3676995479904512,-0.2544988167100511,-1.7013161015320502,0.10061649655859907,-0.3165875960613562
-1.3921978174136382,0.6246544965181816,-0.09435081434954602,-0.7289827320156903,1.1977967367168134,-0.4199618446025214,-0.40433589919525587,0.1395495074801748,-0.058676413725314146,-1.6814519701224486
-0.47502949115966236,0.3074110693135621,-1.3072566791365496,-1.6037741324130947,1.071990158773083,-0.2676318226593335,-0.8930586847815835,-0.11512483872458039,-1.701798262892094,-0.17138737081747113
-1.2609134266654738,0.6433744452331519,1.0635916492389028,-0.15698025675620864,1.1409204319948743,-0.8449311868809795,-0.9103728579279136,-0.9965992136109516,-1.5922758599149527,-0.03315707017558131
-0.6790829354655069,-0.8815687291802424,-0.12839700610705043,-0.8213358545033403,1.0183719471777986,-0.6883895477083182,-1.5374920685332123,-0.8384430469830296,-1.384866196363738,-0.9963339336024166
-0.575208947971283,-1.0857690310357664,-0.627695299537348,-0.34046122956130503,1.1562303484650018,-0.7398064288101923,-1.0515497593895564,0.013162765577474029,-0.3563228702927277,-0.1547283332860297
-0.4652835185149599,0.7779307939753298,0.10901853848112064,-2.096176112430859,1.058789255721726,-0.7080116130620288,-0.5790437445940122,-0.46379087380774187,0.24038738930431885,0.04575278062674044
-0.4245334180036516,-0.5729125932967021,0.7514573804872761,-1.4172786720741801,1.1696107140703098,-0.5697562223928887,-0.20881606503062358,-0.6531089297882674,-0.08039541183671296,-0.4246760603682194
-0.35526974204656125,0.9895728882733913,0.9267514977376977,-0.4887592462480933,1.0726224872558423,-0.545865702121865,-0.5680884138207739,0.2814498985782812,-0.81127002618906,-0.0925635915469485
-1.128231554733042,-0.5400567637747522,0.4702293068960342,-0.1562139177975593,1.0114353939129441,-0.6648004422637571,-0.8825501919844079,0.5672837959019634,-0.11226096904331838,-0.80347877112228
-0.3562121251153996,-0.34344909613125807,-1.0079148565995195,-0.22985869473448936,1.0345152030035036,-0.9420413065802656,-1.3298282761551592,0.8303288785867834,-1.132046808226614,-0.24765873600198593
-1.2562384445303156,-0.6188601126416834,-0.6403912280771681,-1.2248516155749103,1.0922573999905771,-0.36278360058162595,-1.135652487368492,0.00905433437337287,0.4614756465684566,-1.52673256611909
-0.4432090175644997,1.2415041459414797,-0.004376974211669105,-0.43129337703189125,1.1238872447849049,-0.8729788904347141,0.2494207254845224,0.43783429735728624,-0.10022861058803303,0.2351120085301379
-0.6182127629184931,0.09755175375729365,0.37579286368957016,-1.2447071939054575,1.1880854474333145,-0.39370042475542627,-0.8403965620004277,-1.1292292759516451,-0.4109068904087386,-1.064376954651408
-0.4480856961399963,2.1044508611780097,0.7076386416082552,-1.8185287542860356,1.14141162922091,-0.9247978987117907,-0.2660528499510326,-0.8435832152545234,1.1777015832265296,-0.8166020188967816
-1.715091984519209,0.830230457622867,-1.4089172613005851,-0.4008011285887906,0.9432900835710082,-0.8227296189971771,-0.8556558620183694,-1.5364076792766015,-2.018199556994852,0.22062695751640277
-2.5638976721069944,0.3019757126916267,0.9132614539592814,-0.766304877521014,1.129339261832088,-0.9816172770368214,-0.6883147229387122,-1.9249558973882002,-0.8035428152904027,-2.2640952350119985
-0.3302476462623498,-0.6468226598470509,-2.5474247975883357,-0.01359601732805593,1.1929828385423857,-1.305052224138271,-0.8195026037868313,0.04027803599323602,-0.45645976787071124,0.3214961271548043
-0.756277561074229,0.47428000511850316,-0.09791787240162227,0.31153128240291805,1.2055626187544846,-0.8941500233513562,-0.36501466416408984,-0.7177321390926029,-0.5663679085294306,-0.48982128183417784
-0.7106482161988672,0.5972330005365836,-0.5554253997861781,-0.6769475723276291,0.9283140832963941,-1.4174027915795064,-1.8837821758928845,-0.2772908298927646,0.0013060220509524907,0.0655516268563908
-0.04579339115005567,0.20810770806573572,-0.44521788280066543,-1.6952422457273113,1.0323891704604442,-0.9387871933711899,-0.6132590605214687,0.17016405569814655,0.2512669083849834,-0.2575109068457631
-3.5930818504962287,0.3977428415424359,-0.389992327844541,-0.3975816406140371,1.064503888957548,-1.7111430703770676,-1.308199720569401,-0.268132059323734,0.19891988959894516,-0.24653032554651766
-0.5185088959968703,0.6823598449670909,-1.3550857772348857,0.7205440971927827,1.131346041302495,-1.00937394412153,-0.6697784716799535,0.7139315118239331,-1.3356622273244523,-1.2537805275434406
-0.4743208142550543,0.9071421068649254,-0.23560470033367512,-2.0695004168912856,1.1387995366360646,-1.5948580718328207,-0.8430640578866551,-0.42052096300653197,-1.1425191403731847,-0.6195534042418183
-0.6226490697558466,0.33149479937827986,-0.4748883208915898,-1.9402261855142482,1.1745870047249523,-1.1837722561971438,-1.2549314442055792,0.27410940730797984,0.3245258951350914,-0.05798957572168415
-0.9168220652191,0.33407287513396117,0.7632009384607429,-0.9825824260779165,1.148909062816821,-0.84633157584917,-1.3809656962859485,-1.4153781983019946,-0.0945447351567866,0.2812755526943063
-1.0595652638287227,-0.4021694113627736,0.5138985085041208,-1.4244491497161667,1.2294109835545322,-1.2066801773249232,-1.8147302652412711,-0.7216653655021938,0.8610611617637699,-1.918901698579324
-0.4120230883025408,2.318308232674642,0.14304684770940207,0.2738058736283262,1.067585670973887,-1.038020945049837,-0.10667696432935744,0.6610142768039329,-0.026374611786799763,-0.5651141681564943
-0.6056322432364568,-0.32753262729048715,0.188777424603584,-0.12746829162933945,1.1994714242547302,-1.1018885667079579,-1.8432170339294152,1.2328645597538281,0.06703257661726464,-0.8470460762257978
-0.9935173853435427,-0.9207754954628885,-0.15140215822587727,-0.15585262730826172,1.0522794460073972,-1.3859114853886765,-0.9046731131016311,-0.10067327832809168,-1.021533447762785,-0.012609364269672223
-1.0134641536600784,-0.38847996921763467,-0.49641184784158215,-0.8142528920068028,1.0582804075716563,-0.9769740102223043,-0.8650178348409435,-0.37249648592715473,0.26484682316190505,-0.7423075816036725
-0.9410315115603618,0.8325829897493914,-0.30634117615761497,-1.2542121341191816,1.1372455168469129,-0.9230464450224027,-0.29558645345080253,0.7063282919752452,-0.6832244203660945,-0.46618687235736683
-0.7737798067933882,0.18952926301187975,0.3286801663428515,-1.8030402682277733,1.2244720318660807,-0.8215001879957159,-1.2798119763039004,-2.096087094071527,-0.7011677517461632,-0.10746522618723099
-0.2356667600428278,-0.979374929760271,-0.7408330225051893,-0.7554306802648675,1.1181956022989161,-0.7497389785918988,-0.7706289195191433,-2.419773204721803,-0.2922385207123857,-0.024584123063722325
-0.9749375568407723,0.4108838703164918,0.38699407648652345,-1.2207439018744575,1.2048795577230635,-3.3026251893189764,-1.0750511671604288,-0.05963118800100019,-2.051435227834055,-0.5156347554708074
-0.8847343693233842,0.23643434732620666,-0.8211925867749389,-0.008256557131931686,1.1666522304604685,-0.6471116516277801,-1.0499970584215421,-0.6062618925203609,-0.4599505773841462,-0.29293073316695906
-0.3347344963709065,1.0577915116153833,-1.0632671478243745,-1.5494290558660717,1.2946705866028614,-0.5310861248251859,-0.5772807755631443,-1.3660751935649817,0.5415732382993392,-0.046802396889675114
-0.4831820847431598,-0.8911584038616628,-0.277385518502875,-1.5136691709446877,0.893667980836477,-1.294502559942869,-0.6638427980101942,-0.18165334188146565,-0.08006462962897958,-1.0056271693823018
-0.7092250825735918,0.11101396072850862,0.998641683882339,-2.540787176791488,1.2357274595901218,-0.7990205695975569,-1.2693516811422978,-0.5908264329427373,-1.7902588258333896,-1.157885837657516
-0.1657434311414066,-1.4579141669763835,-0.1434034849246218,-0.13673477475758847,1.0689974586272948,-1.0240394458767297,-0.6717836713303252,-2.3237976208971833,-0.22675237129023373,-0.5054992628598904
-2.7598927534754436,-2.534106866763492,1.193521846753594,-1.8241442220411301,1.102248956221607,-1.4450478324387979,-2.2458993084537546,-1.6079546740464012,-0.3270098010237267,-0.34111591984617134
-0.6360713997428743,0.3424315973037536,-1.1804845379971336,-1.2577222842039066,1.2144168791972745,-1.0399619098951123,-1.6531380018600137,-0.5189192756765593,-0.3448079571328773,-0.41737826375495896
-0.896621446350056,0.5111636957873964,-0.043257529393726527,-1.1781511471560577,1.2229823864547582,-0.6316754688740285,-0.3605176304387097,0.4199711473343302,1.286538697514628,-0.6247398838531605
-0.7504211204404989,-0.8842351137127833,0.5362308743608928,-1.688658242112055,1.213626235095443,-1.2282246639223011,-1.8159255969911836,-1.2956244993413932,-0.9790188623820748,-1.2338280274405822
-0.3382279065157274,0.42305944872708834,0.27790137839298346,0.2805337729311463,1.2673106296463188,-1.1773127785382207,-0.8459781177149764,0.4675202149506218,-0.7443600554102265,-1.1833139745502763
-0.9561933298192669,1.6934928266252394,-1.369149249447985,0.05199856092708099,0.9985436436567874,-1.065089519594394,-0.45336493488744684,-1.067532029143158,0.1537104253006326,-0.4954291593823448
-0.8243455610983197,-0.7337483283312319,-1.454709003304106,-0.43024831176881845,1.1644632942390882,-1.1208459565860986,-1.6174526542977565,-1.63007717364039,-0.23504918806082908,-1.6462605775661754
0.017442968233795257,0.29917462141300166,0.010731113629967263,-0.542229285951902,1.2672683452830962,-0.8694734668526605,-1.75195851918669,-0.21749259371417054,-0.43359747808804905,-1.1589707408874388
-0.4684983727383416,1.3178192190079776,-0.3114611026068656,-1.4319972101439071,1.345240263678046,-1.1986136415159778,-0.7493736329803748,-0.8034277265909779,-1.65851878431883,-0.22690540583277005
-0.6104111849697664,-0.05195285804920946,-1.3152393940609213,-1.4158050931511867,1.0904398221838603,-1.4391641723680348,-1.0443683323847777,-0.6975033878557698,-2.6153492715837126,-0.380648876776408
-0.5317573964115377,-0.49090392418792367,-0.8210346265187465,-2.579291271319425,1.0747224552240633,-1.5137755525882324,-1.5964008803107699,-0.987039915166777,0.2817822402142086,0.30869689700509684
-1.3234897600317825,2.149734234595227,0.3522116080718916,-0.5674179014579017,1.0327075675340187,-1.7665912000066353,-1.3696716905699953,-0.35732678831810943,0.4729466237854237,-2.1837320567675516
-0.6621845788026782,0.2250307144686595,1.2185039682395826,-2.0255815130564114,0.9622131950184599,-0.5286644303395444,-1.1457950900203728,0.4927315942395592,-0.715712128822462,-0.14114540447819962
-1.0447058195085959,-0.6105339173692653,-0.12666709499174378,-0.40480611187158844,1.1116146023437048,-1.3705179059123196,-0.9801169627204509,0.25080665487380926,-1.1955638438017788,-1.2816818201877715
-1.3676211721160942,0.02657537486575885,-1.605467934265811,-0.42668485718430327,1.224915359521423,-1.0338601275056958,-1.9365187733599523,0.1511538342126095,0.1314291640843652,0.059028865008678
-0.8970874861156921,1.2961961601873724,2.24812497414144,-0.8050320714717886,1.0437725239663616,-0.7096705544157432,-1.605644510432042,-1.0549735732329693,-0.15699398306546472,-0.02836586463352154
-0.7024991619543163,1.901693435326958,-1.0030101495720247,-1.3476981060872972,1.0976624359529652,-1.4165743212718682,-0.03582965909587404,-1.4028465632516633,-0.42786032549178926,-0.5802830126304658
-0.8197060862177548,3.1294274103126067,-0.6186402999234654,0.3039020911804246,1.1299523902414499,-0.8872379391406939,-1.2600811438216124,-0.22915143095314164,-0.48313023754521955,-0.130461550637163
-0.41583110426434894,0.14114209630403587,-0.45381074956194223,0.8473299521940247,1.196754566441018,-1.3810673252881438,-0.8711332838049116,-0.7398961376929724,-0.14716882143393686,-0.19615277979944545
-1.304341361986338,1.9707862368649145,0.768351092819473,-1.3818218453421003,1.2140781161002758,-1.8465078563512063,-0.4064668559448356,-1.1534567029656118,-0.3116565481846825,-0.3771813373840994
-1.2675117403316145,1.154883296725476,-0.97558147531784,-0.9773746970195215,1.0584218501794957,-1.893459099382219,-1.0067383374887642,0.6485789232376903,0.15909678613005412,-1.2874236887807793
-0.9085612989464383,-0.695866873699291,2.0587049235275146,-1.4383243379261956,1.1720798903631457,-0.9601432898823913,-1.4714995151959176,0.5080475909275133,0.21380603537901227,0.15796814634861694
-0.2688575392074211,-0.2163604771485885,-0.3229298955961294,-0.82726153646353,1.29287256805767,-1.1460863316429235,-0.7717766042797161,1.14794509152031,-0.8234323286544594,-1.1116968598352182
-0.912694734621236,0.05565077470351312,0.12497068739177943,-0.8587074751555792,1.056151053201029,-1.5323890032818834,-2.105184359978512,-0.9194765633645309,-0.6947752193504698,-0.25660561919119834
0.14001610499571324,1.8097073953161564,-1.4048051997860618,-0.7222118843004917,1.1720009055204452,-1.166598900154821,-1.3171076828359003,-0.6280431214899843,-0.1716017045744273,0.15990628951208147
-0.5311314475462593,0.7365517582281673,-0.42910369102693696,-0.12149904386460847,1.153166234604907,-0.9940524186741196,-0.48941831123001056,-0.6217122336519534,-0.5651392950658214,-0.22067703715654424
-0.9181453064223528,-0.5476593969454858,0.882864051113945,0.38942306128997445,1.3597125415932192,-1.0157662796550722,-2.604126603407118,-1.8784307551711832,-0.10897018754084589,0.470251433887439
-0.11739929696197234,1.570954266792163,-0.8694184447036554,-1.383543562207796,1.0121333090546092,-1.1499120059186234,-1.6934147910558413,-1.8293884571531405,-0.6021977104764962,0.1564856806026079
-0.5573341804420371,0.501358614621433,-1.5902642027475595,-1.6714525322573575,1.1842564281590418,-2.180878315403256,-0.9233436374814482,-0.5313447635275924,-0.6090193983340362,-0.6780682360821709
-1.3467702205281056,-0.03937351575154985,0.7076230969937056,-0.5449819877020113,1.343289945341122,-1.019183694221947,-0.03896688732169669,-1.3316384982208698,-0.6608894508514921,-1.182940172942382
-1.347223429315687,0.8281721485458365,1.3756536705380218,-0.4795452511153217,1.1063102814377257,-0.8784123411411046,-1.160569999093073,-0.7575187670730706,-1.2365439098565854,0.16296410996439176
-0.4603934881275606,-0.9743725279512764,-0.21624451738516015,-0.714032777887277,1.200184314763137,-1.0060574266330564,-0.5747084630577222,-2.247952948236457,-2.3353073414260925,-0.6523952208106507
-0.3296597524238996,0.7495357296087681,0.26131200920296627,-0.6687518877039164,1.1279412821119688,-1.1275862091336237,-1.0130244825997048,0.5018378222698149,0.3076883371611371,0.5900209969582576
-0.5728985091925798,-0.9998174897132479,-0.5765539325836988,-1.348285793318429,1.2075499812550063,-1.0247752382854192,-2.300725881688074,0.27498185450768436,-0.9634916623991194,-0.8445842330582167
-0.5123848211030617,1.0771940203311114,0.19780928392070513,-1.4645852423403614,1.2249505993460317,-1.2812074498179193,-1.0131422025122347,-1.0167430655121195,0.00586896341512202,-0.11503998823670086
-0.5610583331231002,0.7103147439967378,-0.3266163082512985,-0.6586562505150269,1.0465728392198348,-1.4540951999655674,-1.0201077875337141,0.5014417730235159,-0.8397958243237802,-2.6559687895725075
-0.26202772209221115,-0.050186962476486685,-1.0656032604943482,-1.5228715407042064,1.0476225887543915,-1.5747166017854461,-2.2713639434261315,-0.1823733510169121,-2.0152559417294933,-0.1314390414074376
-1.7625016111106806,0.18843453438327984,1.6914384986094817,-0.5942391348792829,1.167318407245856,-1.1942890264847739,-2.143070946649778,-0.08996869304015036,-1.4715130000962786,-0.22745164259318396
-0.33032797768163485,0.4416140086356196,1.1858806827997423,-1.0011291776405329,1.124813423132916,-1.1971268271782691,-0.7015668337796361,-2.804735938417897,-0.06506377334730663,-0.5685649312474021
-2.00813512049009,-0.3770104218082077,-0.6649884601256397,-1.192717026334798,1.241594977453609,-1.9007781178854488,-0.4844890202308087,-0.13364620447022366,0.6423606920613016,-0.22131811973381132
-0.12242345283964853,-0.13783032994582176,-0.33801330313662015,-0.9697841042718655,1.1260993689489547,-1.1143132591604121,-1.0756450040867247,-0.9973035884920349,1.0132232446055895,-0.22587882321332925
-0.9518005168576358,-0.7490617142828273,-0.5327771803795235,-0.07730427629681415,1.213838212976875,-1.1832898774106966,-1.1342792052105906,-0.4588264762854355,-0.2770305916083099,-0.6563683064756671
-3.139259312051638,1.9108363941616264,0.6214069175346254,-1.4959583527683251,1.2015950512993707,-1.749233021605178,0.14826872618045284,-1.2923601174818373,0.16636036928776132,-0.781533279077462
-2.1351204513134485,1.6371973843800915,-0.48908641870730135,0.4175243518483894,1.1766491411086966,-0.6475285254208601,-1.6754544188296212,1.3904317842320895,0.9432273677105136,-0.47339100280370844
-1.5429602553753166,1.025634427334018,1.1953913127951838,-0.20666103891965662,1.2049830565005417,-0.907613228224941,-1.4327490009516193,-1.3454773637398498,-0.8973739355441306,-0.13066713963151785
-0.5320052592267065,1.022757513716132,2.206955854159091,-0.2541012549334432,1.1364904134700273,-1.4876417429506767,-1.3987884655987775,-0.4815907523928344,-0.25199420548149803,-0.13128296923394692
-1.45086854958967,0.5263456809752709,-1.2523116018729086,-0.8794728177067948,1.2328800978777181,-1.0490474413356787,-0.9598865539290261,-1.2155644441453965,0.47773860218206804,-0.6865868433334267
-0.977037528019383,-0.5420333370342536,-1.1644458383308978,-2.393589956607983,1.154757334953742,-0.8391164582285188,-1.0221107451994138,-0.9643427361295945,-0.29557214156261435,-0.4744230598066059
-0.786927776112966,0.8317953048344822,-0.6636545470343825,-1.0083300632138439,1.1255540679311304,-1.4397543506143708,-0.8838477304590143,-1.9776158942404596,-0.15408745075777025,-0.08441072631957153
-0.6003629137346769,2.4613908131981113,-2.499430179060379,0.6732500743037955,0.95911405591044,-1.158009532167151,0.014762830733544823,-1.0027205704907438,-0.0036589393484859757,-1.8944635037273945
-1.958700474115271,0.31722502890321375,1.033876675547933,-0.16691659562053646,0.8876330052112461,-1.434700062245706,-1.0991039364564943,0.20949730381229098,-1.6031678818883124,-1.1565853760182998
-0.5061749453521416,0.21942423580264192,-0.504018700285787,-1.8690500849330203,1.2130626847813841,-1.0953358633653005,-1.676001729082995,-0.4366450809211947,1.1293102361054048,-0.8706755202606382
-0.7203298317862354,0.5231139918218398,0.6264788617380961,-0.42521020930219466,1.1244730394114866,-1.070585108956523,-1.1881828297223127,-0.848073865487106,-0.4424499171848662,-1.4896193641270739
-0.405671379845265,-2.1147772314382225,-0.3188682445066788,0.19170735930333102,1.1438434534732036,-1.1436636951654833,-1.3612958509961255,0.25309477061790525,0.6964048945080218,-1.3084722601516956
-0.953582314603856,-0.13774629393863483,-0.2251988959739343,-1.0768719719238473,1.3096669536118524,-1.4435367917272892,-0.37381723232519476,-0.3482299403196043,0.05671142097538847,-0.5782238195857515
-1.490617075774827,0.9133345400852384,0.7335752458211431,-0.06016279855584569,1.1364982847762357,-0.8491933526943066,-0.5367402901819261,-0.39207530528183,-0.5011597251736042,-0.4879542208216239
-0.4724787212920028,-0.6419595375188645,-0.46928868678343877,-1.7954076669283936,1.1248932938772043,-1.0424567221270238,-1.7397423572563315,-0.44396229645522256,-3.2553276879989155,-0.028974164069388207
-1.1556999478448318,-0.22500274133634668,-0.16035730742500937,-1.1475674674581948,1.1248517327682472,-1.5653519927176966,-2.000808244390077,-2.43257146404612,0.9712360984126103,-0.14496381442502843
-0.627475920388695,-0.023587441235803266,0.2980322367009098,-1.4451081475308925,1.1349189599610237,-1.3923019385678148,-1.06683602629514,-0.963660435729847,0.10788207727472378,-2.19572287311187
-0.8491023462406676,0.15481764398384157,-1.0132399322008547,-2.2457009875516176,1.0402932648719747,-0.8141172395374301,-1.6462071041118451,0.1688931676422083,-0.5446087402624612,-0.06285881136175499
-0.48504585422484464,0.4400161882006797,-0.9256824361354634,0.8355766941390187,1.1725800316821886,-0.8566232810145354,-0.5595047418803614,-0.7825552568961505,0.23900057971178013,-0.5754409251548047
-1.3277797353848166,0.22427416700900682,-0.45225396256486966,-0.7698174120653221,1.3260053814489683,-1.3677259063023672,-0.6597459276696719,-0.49855437447772366,-1.4049020209863188,-1.4898307062063505
-0.6136884476525963,0.9377728927231601,-1.1305756772481363,-0.185267551862129,1.2819268789024223,-1.1031878511145365,-0.7584266390999754,-0.44014041103214363,-0.5462001611456307,0.0863635450150042
-0.20455492832543729,0.002157243988213599,0.3912041601406531,-1.0345301060974792,1.2367879148460303,-1.212038024806854,-1.0909917708522634,-2.014475287673427,-0.6927414625054543,0.2884729450509769
-0.5971966590418819,-0.7033873661238271,-0.22897677989204435,-1.7678733946796699,0.9583556227603002,-1.1978688385800205,-0.6482842718479468,-0.6319906030018638,0.15581258917350616,-0.3196241046764589
-0.9528213291371797,-0.44211171535413346,0.45822708659604283,0.1276947768304295,1.0794363013336963,-1.5814385504073252,-1.313935863932787,-0.6226839909802443,0.5265091784716703,-1.1799663389158763
-0.3320170897012126,1.1666491245019195,0.38657616501555614,-0.47894680684596513,1.0893084754633522,-1.283644573960488,-1.4144130852655332,-0.5685316478798573,-0.615683055922334,-0.7521145969375486
-0.7457887450527316,0.25862141929134874,0.31651726725998136,0.2869035050233296,1.1321506359107538,-0.9219567127536491,-0.853037126736003,-1.6996470248631272,-0.5409797924089117,-0.27254692939074626
-1.410432593054888,1.006427277364875,0.6009112566899596,-0.007509980110868599,1.1754987056103197,-0.989240677371327,-0.7084282697389076,0.31842833032014034,-0.421592959545346,-0.435299190568761
-1.045078652894282,2.803491767526601,-2.3786088638484264,-0.2805744921969545,1.1807093358298113,-1.355433763366943,-1.2739712365788043,-0.9772592083046255,-1.8636933189698206,-0.6435664692505121
-0.644643849385197,0.3127534803928135,-0.6477476592544711,-0.8147852549018502,1.1189001005028318,-1.3006783706184035,-0.7626509490101787,-0.3531754126262526,0.2592053026047468,0.10064992367526714
-1.4447043974906701,-0.33256150336930607,-0.4047655524936536,-1.2725917300501142,1.1033117480099373,-1.753133637799074,-1.218502583115106,-0.3298373992811334,-0.47645732487362763,0.03862095971762354
-0.3043756451609383,1.3901528559997371,-1.174461890307455,-0.6211390373631509,1.1171378248006272,-0.8527317820431409,-0.4484365903386384,-2.0729535777902663,-0.4672333338681523,-1.377200661384216
-1.1585990224700262,-0.08784194866247312,-2.1479364755178323,-1.2509759403920677,1.1572789714260792,-1.4385879237856674,-0.7600928481778709,0.6732905684066162,-0.8062066099789735,-2.551910758974318
-0.34761881296820585,0.033675276433626174,0.569652141313118,-0.6852438012542879,1.2538431615853856,-1.1781084747054678,-1.500859660607459,-0.23088677703103402,-0.7415213380532035,0.34941114924616423
-0.7317924795763574,-1.3278111599671958,1.9300969893557118,-0.6899939018429163,1.2638050384876751,-0.6664042257302215,-1.3310593677399856,0.33005105538152796,0.23064933502788454,0.10412526157122166
-0.47065512550459365,-0.37251054431589636,-0.6461942467225682,-0.9867698920673058,1.2007224380786734,-1.3119818870903082,-0.32472534694369304,-0.5627467265681171,-0.5171833654986798,-0.06029240307269795
-0.26940478115875754,1.0506806915104479,0.20777571256242505,0.15070021934008876,1.0887305247687045,-0.9089127725574101,-1.3479551202537843,-0.3366356534513218,1.0663361594819203,-1.5538242956769521
-1.7364044911844403,1.0586568904258018,2.104501355712025,0.0010235575950843503,1.05867833691578,-1.2768785543623118,-1.5944428287926384,-1.3097211686760037,0.21927952521107433,-0.33003571716180985
-0.8857281866842474,1.2669855045523437,0.14901898026866717,-2.7078583311603377,1.1510200018556045,-1.8470419320441112,-1.1625762093842835,0.42134655662062537,-1.0500004334039603,-1.9481006007860844
-1.3932321519220399,0.5986689430544743,-0.4269226899353567,-0.21655284807697694,1.1322958850676064,-1.057093257342468,-0.39869989630746283,-1.7724106282239394,0.7645759059314328,0.4451801229781781
-0.8996075409140774,0.7235112609406716,0.6526754782765359,-0.6143559595475611,1.2272625559848103,-1.5608495432503673,-1.0442940132612262,-0.4932753212244088,0.21002508326674674,-0.6104669181859361
-0.8615791177299299,1.4033023032693006,0.527673485629727,-1.432342545651838,1.1950224030397274,-1.3425173127903347,0.0719706525394347,-1.0781793369554833,0.019119720824883807,0.5108103181798073
-0.5798666735919747,-0.8414617790287664,-0.43263192976723436,-1.4048514422931713,1.193557562427768,-1.0838698180289725,-1.0348663253031434,0.5275307172707844,-2.306918859710693,-1.90052624723187
-0.23849436175156732,0.47603867044595644,0.5007705056796279,0.4292638287445366,1.1856432645363648,-0.8518671145396413,-0.9515756200053984,-1.3994054187481868,-0.6974405633161527,-1.6943770169538517
-0.9024738811521862,1.4282353426335017,-0.17133702870875347,0.8074695753475194,1.367037529575918,-1.208102017036818,-0.5854527263657803,-0.3106078233577935,0.45561415793860166,-0.2339059869905369
-0.3097840903921534,-1.6226291257890075,-0.45568780246802926,-0.09938431042245614,1.2354564849663805,-0.6882494134986945,-1.4471048717199697,1.2222216970246431,-0.8042659505140297,-0.15847950849417702
-0.7980210399293294,0.39322128012037216,-2.230284308313431,-0.48719172050504406,1.1512743319303043,-1.307863028490917,-0.7651674948889587,0.74271726758524,-1.0751909153407366,-1.9006335973763768
-0.5599740754569058,-1.4402724162881402,0.005395627128970119,0.12295742604699358,1.120203312042844,-0.842241731664687,-0.7894670859891982,-1.3068856408600402,1.1037589976714288,-0.5414392932227625
-0.5183097852410843,2.428964923984806,-0.12771956991102884,-0.4761119986966789,1.2245106168590578,-0.889916449721184,-1.593951497591981,0.9274351403732045,-2.7090420246853317,-1.1761872137748353
-0.5389262218443565,-0.36239870654617584,1.3793725828352343,-0.7065122017021954,1.2949120868679784,-1.5348490917393705,-0.24286599650762186,-0.7206679722385967,1.175533585054354,0.35200141612198715
-0.7704223524801023,0.922575337795207,0.9536555047691502,-0.07286621274282885,1.148259499751006,-1.4375219848101484,-0.8597940552221139,-0.7459298592604198,-0.9581242341426833,0.0042700880100599295
-1.8454136465240103,-1.4682876696979066,1.0635145611965517,0.3189384187041002,1.1444639343175986,-0.8892792056517522,-0.5872191442571923,0.3835419021925132,-0.006601172157165066,-0.7102318856226594
-0.7930301569061282,0.11264693441225745,0.6413855424059887,-0.7369886240910697,1.0403443007190794,-1.0945220347973261,-1.0219735419533889,-0.9854267448346985,-0.4755448224171199,0.01768967984863161
-0.7244776843586389,-0.7487420126964914,0.002126794614552584,-0.22447334276981812,1.357362865361689,-0.9717508964489358,-0.43953903209860934,0.4403012437064526,-1.2315059639892925,-0.24481238431379343
